"name","address","city","state","zip"
"IRVINE","4115 CAMPUS DRIVE","IRVINE","CA",92612
"CARLSBAD","5950 AVENIDA ENCINAS","CARLSBAD","CA",92008
"ORANGE (TUSTIN & LINCOLN)","2585 N. TUSTIN ST.","ORANGE","CA",92865
"MURRIETA","39697 AVENIDA ACACIAS","MURRIETA","CA",92563
"CORONA (AUTO CENTER DR.)","450 AUTO CENTER DR.","CORONA","CA",92882
"VACAVILLE","170 NUT TREE PKWY","VACAVILLE","CA",95687
"MIDVALE","7206 S. UNION PARK AVE.","MIDVALE","UT",84047
"DAVIS","1020 OLIVE DRIVE","DAVIS","CA",95616
"ARROYO GRANDE","1170 W. BRANCH STREET","ARROYO GRANDE","CA",93420
"COVINA","1371 GRAND AVE.","COVINA","CA",91724
"SUNNYVALE","604 E EL CAMINO REAL","SUNNYVALE","CA",94087
"PRESCOTT","3040 HWY. 69","PRESCOTT","AZ",86301
"WESTCHESTER","9149 S. SEPULVEDA BLVD.","LOS ANGELES","CA",90045
"REDONDO BEACH","3801 INGLEWOOD AVE","REDONDO BEACH","CA",90278
"TORRANCE (CARSON ST.)","730 W. CARSON","TORRANCE","CA",90502
"LAGUNA HILLS (EL TORO)","24001 AVE. CARLOTA","LAGUNA HILLS","CA",92653
"SAN JOSE (SANTA TERESA BLVD.)","5611 SANTA TERESA","SAN JOSE","CA",95123
"SAN FRANCISCO","333 JEFFERSON","SAN FRANCISCO","CA",94133
"PORTER RANCH","19901 RINALDI STREET","PORTER RANCH","CA",91326
"GLENDALE (BRAND & BROADWAY)","119 S. BRAND BLVD.","GLENDALE","CA",91204
"SANTA ANA (BRISTOL & CIVIC CENTER)","815 NO. BRISTOL","SANTA ANA","CA",92703
"ANAHEIM","600 S. BROOKHURST","ANAHEIM","CA",92804
"NORTH HOLLYWOOD","5864 LANKERSHIM","N. HOLLYWOOD","CA",91605
"SAN MARCOS","583 GRAND AVENUE","SAN MARCOS","CA",92078
"LA VERNE","2098 FOOTHILL BLVD.","LA VERNE","CA",91750
"WEST COVINA (SAN BERNARDINO RD.)","15610 SAN BERNARDINO","WEST COVINA","CA",91790
"PASADENA","2114 E. FOOTHILL","PASADENA","CA",91107
"AZUSA","324 S. AZUSA","AZUSA","CA",91702
"LA PUENTE","15259 E. AMAR RD.","LA PUENTE","CA",91744
"POMONA (INDIAN HILL BLVD.)","1851 INDIAN HILL","POMONA","CA",91767
"PANORAMA CITY","13651 ROSCOE BLVD.","PANORAMA CITY","CA",91402
"HACIENDA HEIGHTS","14620 E. GALE","HACIENDA HEIGHTS","CA",91745
"TEMPLE CITY","10601 LOWER AZUSA RD","TEMPLE CITY","CA",91780
"NORWALK","14330 PIONEER BLVD.","NORWALK","CA",90650
"TUJUNGA","6225 FOOTHILL BLVD.","TUJUNGA","CA",91042
"WOODLAND HILLS","19920 VENTURA BLVD.","WOODLAND HILLS","CA",91364
"GARDEN GROVE","9032 TRASK AVE.","GARDEN GROVE","CA",92844
"NORTHRIDGE (BALBOA & LASSEN)","9858 BALBOA BLVD","NORTHRIDGE","CA",91325
"ONTARIO (MOUNTAIN AVE.)","2235 MOUNTAIN","ONTARIO","CA",91761
"FONTANA","9855 SIERRA AVE.","FONTANA","CA",92335
"RANCHO CUCAMONGA (FOOTHILL & VINEYARD)","8955 FOOTHILL BLVD.","RANCHO CUCAMONGA","CA",91730
"PEORIA","8285 W. BELL ROAD","PEORIA","AZ",85382
"ARCADIA","420 N. SANTA ANITA","ARCADIA","CA",91006
"PLEASANT HILL","570 CONTRA COSTA BLVD.","PLEASANT HILL","CA",94523
"WESTMINSTER","6292 WESTMINSTER BLV","WESTMINSTER","CA",92683
"MODESTO","3900 PELANDALE AVE","MODESTO","CA",95356
"SAN BERNARDINO (TIPPECANOE)","1065 HARRIMAN PL","SAN BERNARDINO","CA",92408
"POMONA (GAREY AVE.)","2505 GAREY AVE.","POMONA","CA",91766
"ONTARIO (VINEYARD & ""G"" ST.)","1891 E. ""G"" ST.","ONTARIO","CA",91764
"LA HABRA","2030 E. LAMBERT RD","LA HABRA","CA",90631
"PEDLEY","6634 CLAY","RIVERSIDE","CA",92509
"LAKEWOOD","5820 BELLFLOWER BLVD","LAKEWOOD","CA",90713
"CAMARILLO","1316 VENTURA BLVD","CAMARILLO","CA",93010
"BUENA PARK","7926 VALLEY VIEW","BUENA PARK","CA",90620
"LANCASTER","2021 W. AVENUE ""I""","LANCASTER","CA",93536
"MORENO VALLEY","23035 HEMLOCK","MORENO VALLEY","CA",92557
"UPLAND","1837 FOOTHILL BLVD","UPLAND","CA",91786
"RIVERSIDE","7467 INDIANA AVE","RIVERSIDE","CA",92504
"SANTA FE SPRINGS","10525 CARMENITA","SANTA FE SPRINGS","CA",90670
"NORCO","1810 HAMNER","NORCO","CA",92860
"PICO RIVERA","9070 WHITTIER BLVD","PICO RIVERA","CA",90660
"THOUSAND PALMS","72265 VARNER RD","THOUSAND PALMS","CA",92276
"INDIO","82043 HWY. 111","INDIO","CA",92201
"HEMET","2885 W. FLORIDA AVE.","HEMET","CA",92545
"NEWHALL","25220 N THE OLD ROAD","NEWHALL","CA",91321
"LAKE ELSINORE","331 RAILROAD CANYON","LAKE ELSINORE","CA",92532
"WEST LOS ANGELES","9245 W VENICE BLVD","LOS ANGELES","CA",90034
"SAN FERNANDO","11455 LAUREL CNY BL","SAN FERNANDO","CA",91340
"LEMON GROVE","7160 BROADWAY","LEMON GROVE","CA",91945
"LONG BEACH (LOS COYOTES DIAGONAL)","4600 LOS COYOTES DGL","LONG BEACH","CA",90815
"LAS VEGAS (SAHARA)","2900 W SAHARA AVE","LAS VEGAS","NV",89102
"TEMECULA (JEFFERSON AVE.)","27700 JEFFERSON AVE","TEMECULA","CA",92590
"LAS VEGAS (NELLIS)","51 N NELLIS","LAS VEGAS","NV",89110
"WEST COVINA (GARVEY AVE.)","2940 E GARVEY AVE","WEST COVINA","CA",91791
"BAKERSFIELD (PANAMA LN.)","2310 PANAMA LANE","BAKERSFIELD","CA",93307
"CITY OF INDUSTRY","17849 E COLIMA ROAD","CITY OF INDUSTRY","CA",91748
"PHOENIX (27TH AVE.)","19407 N. 27TH AVE.","PHOENIX","AZ",85027
"HESPERIA (BEAR VALLEY RD.)","17069 BEAR VALLEY RD","HESPERIA","CA",92345
"NATIONAL CITY","500 MILE-OF CARS WAY","NATIONAL CITY","CA",91950
"EL CAJON","1541 N MAGNOLIA AVE","EL CAJON","CA",92020
"HUNTINGTON PARK","6000 PACIFIC BLVD","HUNTINGTON PARK","CA",90255
"VENTURA","2070 HARBOR BLVD","VENTURA","CA",93001
"FULLERTON","1180 S HARBOR BLVD","FULLERTON","CA",92832
"PACIFIC BEACH","2910 DAMON AVE","PACIFIC BEACH","CA",92109
"PALMDALE","142 E PALMDALE BLVD","PALMDALE","CA",93550
"FRESNO (SHAW)","5106 W SHAW ST","FRESNO","CA",93722
"FRESNO (BLACKSTONE & ASHLAN)","4302 N BLACKSTONE AV","FRESNO","CA",93726
"RANCHO CUCAMONGA (FOOTHILL & I-15)","12599 FOOTHILL BLVD","RANCHO CUCAMONGA","CA",91739
"SHERMAN OAKS","4444 VAN NUYS BLVD","SHERMAN OAKS","CA",91403
"LAS VEGAS (DEAN MARTIN & TROPICANA)","4888 DEAN MARTIN DR","LAS VEGAS","NV",89103
"LAS VEGAS (MARYLAND PKWY & TROPICANA)","4705 S MARYLAND PKWY","LAS VEGAS","NV",89119
"MERCED","1579 M L KING JR WAY","MERCED","CA",95340
"FRESNO (2ND STREET)","2657 S SECOND ST","FRESNO","CA",93706
"LAGUNA NIGUEL (LA PAZ)","27380 LA PAZ RD","LAGUNA NIGUEL","CA",92677
"KETTLEMAN CITY","33464 BERNARD DR","KETTLEMAN CITY","CA",93239
"TRACY","575 CLOVER ROAD","TRACY","CA",95376
"FOOTHILL RANCH","26482 TOWNE CENTRE","FOOTHILL RANCH","CA",92610
"SALINAS","151 KERN STREET","SALINAS","CA",93905
"GILROY","641 LEAVESLEY RD","GILROY","CA",95020
"STOCKTON","2727 W MARCH LANE","STOCKTON","CA",95219
"HOLLYWOOD","7009 SUNSET BLVD.","HOLLYWOOD","CA",90028
"SANTA ANA (MACARTHUR)","3361 S. BRISTOL","SANTA ANA","CA",92704
"LAS VEGAS (LAKE MEAD BLVD.)","1960 ROCK SPRINGS","LAS VEGAS","NV",89128
"LA MIRADA","14341 FIRESTONE BLVD","LA MIRADA","CA",90638
"VISALIA","1933 S MOONEY BLVD","VISALIA","CA",93277
"SANTA CLARITA (SAND CANYON)","28368 SAND CANYON RD","SANTA CLARITA","CA",91351
"GOLETA","4865 CALLE REAL","GOLETA","CA",93111
"BURBANK","761 FIRST STREET","BURBANK","CA",91502
"STUDIO CITY","3640 CAHUENGA BLVD","LOS ANGELES","CA",90068
"LONG BEACH","6391 E. PAC CST HWY","LONG BEACH","CA",90803
"CENTERVILLE","475 NORTH 700 WEST","CENTERVILLE","UT",84014
"ELK GROVE","9188 E STOCKTON BLVD","ELK GROVE","CA",95624
"WESTWOOD","922 GAYLEY","LOS ANGELES","CA",90024
"PINOLE","1417 FITZGERALD DR.","PINOLE","CA",94564
"RANCHO CORDOVA","2475 SUNRISE BLVD","RANCHO CORDOVA","CA",95670
"SAN DIEGO (SPORTS ARENA BLVD.)","3102 SPORTS ARENA BL","SAN DIEGO","CA",92110
"FAIRFIELD","1364 HOLIDAY LANE","FAIRFIELD","CA",94534
"ANAHEIM HILLS","5646 E. LA PALMA","ANAHEIM HILLS","CA",92807
"NAPA","820 IMOLA AVENUE","NAPA","CA",94559
"MISSION VALLEY","2005 CAMINO DEL ESTE","SAN DIEGO","CA",92108
"SACRAMENTO (TRUXEL)","3501 TRUXEL ROAD","SACRAMENTO","CA",95834
"ROSEVILLE (TAYLOR RD.)","1803 TAYLOR","ROSEVILLE","CA",95661
"VAN NUYS","7930 VAN NUYS BLVD.","VAN NUYS","CA",91402
"LONG BEACH (CARSON ST.)","7691 CARSON ST.","LONG BEACH","CA",90808
"SANTA MARIA","1330 S. BRADLEY ROAD","SANTA MARIA","CA",93454
"REDDING","1275 DANA DRIVE","REDDING","CA",96003
"PLACERVILLE","3055 FORNI ROAD","PLACERVILLE","CA",95667
"CULVER CITY","13425 WASHINGTON BLV","MARINA DEL REY","CA",90292
"LAKE HAVASU CITY","81-101 LONDON BRIDGE","LAKE HAVASU CITY","AZ",86403
"ONTARIO (ONTARIO MILLS)","4310 E ONT MILLS PKW","ONTARIO","CA",91764
"BAKERSFIELD (STOCKDALE HWY)","5100 STOCKDALE HWY","BAKERSFIELD","CA",93309
"DOWNEY","8767 FIRESTONE BLVD.","DOWNEY","CA",90241
"CHICO","2050 BUSINESS LANE","CHICO","CA",95928
"CHINO","3927 GRAND AVE.","CHINO","CA",91710
"LIVERMORE","1881 N LIVERMORE AVE","LIVERMORE","CA",94550
"HENDERSON","1051 W. SUNSET ROAD","HENDERSON","NV",89014
"SAN PEDRO","1090 N. WESTERN AVE.","SAN PEDRO","CA",90732
"MOUNTAIN VIEW (EL CAMINO REAL & GRANT)","53 W. EL CAMINO REAL","MOUNTAIN VIEW","CA",94040
"GLENDALE (HARVEY & HOLLY)","310 N. HARVEY DR.","GLENDALE","CA",91206
"SAN JOSE (CAPITOL & TULLY)","2950 E. CAPITOL EXWY","SAN JOSE","CA",95148
"DALY CITY","260 WASHINGTON ST.","DALY CITY","CA",94015
"DESERT RIDGE","21001 N. TATUM BLVD","PHOENIX","AZ",85050
"TURLOCK","3071 COUNTRYSIDE DR.","TURLOCK","CA",95380
"OCEANSIDE","4605 FRAZEE","OCEANSIDE","CA",92057
"OXNARD","381 W. ESPLANADE","OXNARD","CA",93036
"LAS VEGAS (EASTERN AVE.)","9240 S. EASTERN AVE.","LAS VEGAS","NV",89123
"INGLEWOOD","3411 W. CENTURY BLVD","INGLEWOOD","CA",90301
"PITTSBURG","4550 DELTA GATEWAY B","PITTSBURG","CA",94565
"CARSON VALLEY","957 TOPSY LANE","CARSON CITY","NV",89705
"SANTA CLARITA (BOUQUET CANYON)","26401 BOUQUET CYN RD","SANTA CLARITA","CA",91350
"FRESNO (BLACKSTONE & NEES)","8010 N. BLACKSTONE","FRESNO","CA",93720
"CORONA (ONTARIO AVE. & I-15)","2305 COMPTON AVE.","CORONA","CA",92881
"GLENDORA","1261 S. LONE HILL","GLENDORA","CA",91740
"UNION CITY","32060 UNION LANDING","UNION CITY","CA",94587
"MOORPARK","856 LOS ANGELES AVE.","MOORPARK","CA",93021
"FREMONT","43349 PAC. COMMONS","FREMONT","CA",94538
"ROSEVILLE (FAIRWAY DR.)","10309 FAIRWAY DRIVE","ROSEVILLE","CA",95678
"BRENTWOOD","5581 LONE TREE WAY","BRENTWOOD","CA",94513
"AVONDALE","1525 DYSART RD.","AVONDALE","AZ",85323
"MANTECA","1490 YOSEMITE AVE","MANTECA","CA",95336
"OAKLAND","8300 OAKPORT STREET","OAKLAND","CA",94601
"TEMPE","920 E.PLAYA DEL NORT","TEMPE","AZ",85281
"VAN NUYS (BALBOA)","7220 N. BALBOA","VAN NUYS","CA",91406
"LODI","2625 W. KETTLEMAN LN","LODI","CA",95242
"MORGAN HILL","895 COCHRANE RD.","MORGAN HILL","CA",95037
"TEMECULA (HIGHWAY 79)","30697 TEMECULA PKY","TEMECULA","CA",92592
"KINGMAN","1770 BEVERLY AVE.","KINGMAN","AZ",86401
"PETALUMA","1010 LAKEVILLE HWY.","PETALUMA","CA",94952
"WEST SACRAMENTO","780 IKEA COURT","WEST SACRAMENTO","CA",95605
"SAN CARLOS","445 INDUSTRIAL RD.","SAN CARLOS","CA",94070
"CHANDLER (GERMANN & GILBERT)","2910 EAST GERMANN ROAD","CHANDLER","AZ",85249
"CANOGA PARK","6841 N TOPANGA CANYO","CANOGA PARK","CA",91303
"LAS VEGAS (TROPICANA AVE. & TEE PEE LN.)","9610 W. TROPICANA AVENUE","LAS VEGAS","NV",89147
"SANTA NELLA","28900 HENRY MILLER RD.","SANTA NELLA","CA",95322
"NORTHRIDGE (TAMPA AVE.)","8830 TAMPA AVE.","NORTHRIDGE","CA",91324
"LEBEC (TEJON RANCH)","5926 DENNIS MCCARTHY","LEBEC","CA",93243
"MARANA","8180 CORTARO ROAD","MARANA","AZ",85743
"SACRAMENTO (DEL PASO)","2900 DEL PASO ROAD","NATOMAS","CA",95834
"YUBA CITY","1375 SUNSWEET BLVD.","YUBA CITY","CA",95993
"WASHINGTON CITY","832 W. TELEGRAPH ST.","WASHINGTON CITY","UT",84780
"YUMA","1940 E. 16TH STREET","YUMA","AZ",85365
"LAS VEGAS (BLUE DIAMOND RD.)","3882 BLUE DIAMOND RD.","LAS VEGAS","NV",89139
"MENIFEE","30296 HAUN ROAD","MENIFEE","CA",92584
"DRAPER","12191 S. STATE ST.","DRAPER","UT",84020
"CHULA VISTA","1725 EASTLAKE PKWY","CHULA VISTA","CA",91915
"FOLSOM","225 PLACERVILLE RD.","FOLSOM","CA",95630
"PHOENIX (CAREFREE HWY)","34850 N. VALLEY PARKWAY","PHOENIX","AZ",85086
"MESA (SIGNAL BUTTE)","1859 S. SIGNAL BUTTE RD.","MESA","AZ",85209
"SACRAMENTO (MADISON)","4600 MADISON AVE.","SACRAMENTO","CA",95841
"CHANDLER (RAY RD.)","7050 W. RAY ROAD","CHANDLER","AZ",85226
"TUCSON (BROADWAY)","3711 BROADWAY BLVD.","TUCSON","AZ",85716
"MILLBRAE","11 ROLLINS RD.","MILLBRAE","CA",94030
"CLOVIS","382 N. CLOVIS AVE","CLOVIS","CA",93612
"MILPITAS","50 RANCH DRIVE","MILPITAS","CA",95035
"CHANDLER (CHANDLER & PRICE)","2790 W. CHANDLER BLV","CHANDLER","AZ",85224
"GILBERT","2449 S. MARKET ST.","GILBERT","AZ",85296
"VISTA","2010 HACIENDA DR","VISTA","CA",92081
"KEARNY MESA","4375 KEARNY MESA RD","SAN DIEGO","CA",92111
"SPARKS","280 PYRAMID WAY","SPARKS","NV",89431
"MESA","1650 S. STAPLEY RD.","MESA","AZ",85204
"LAGUNA NIGUEL (AVERY PKWY.)","28782 CAMINO CAPISTRANO","SAN JUAN CAPISTRANO","CA",92675
"PLACENTIA","825 W. CHAPMAN","PLACENTIA","CA",92870
"TUSTIN","3020 EL CAMINO REAL","TUSTIN","CA",92782
"HUNTINGTON BEACH","18062 BEACH BLVD","HUNTINGTON BEACH","CA",92648
"TUSTIN (DISTRICT)","2895 PARK AVENUE","TUSTIN","CA",92782
"SANTA CLARA","3001 MISSION COLLEGE","SANTA CLARA","CA",95054
"LAS VEGAS (CENTENNIAL)","5690 CENTENNIAL CTR","LAS VEGAS","NV",89149
"BARSTOW","2821 LENWOOD RD","BARSTOW","CA",92311
"AUBURN","130 GRASS VALLEY HWY","AUBURN","CA",95603
"CARMEL MOUNTAIN","11880 CARMEL MT RD","CARMEL MOUNTAIN","CA",92128
"AMERICAN FORK","601 WEST MAIN ST.","AMERICAN FORK","UT",84003
"SIMI VALLEY","2600 STEARNS","SIMI VALLEY","CA",93063
"PARADISE VALLEY","12413 N. TATUM","PHOENIX","AZ",85032
"MESA (ALMA SCHOOL RD.)","1342 SOUTH ALMA ROAD","MESA","AZ",85210
"VICTORVILLE","15290 CIVIC DRIVE","VICTORVILLE","CA",92394
"SAN JOSE","550 NEWHALL DRIVE","SAN JOSE","CA",95110
"NORTH LAS VEGAS","2765 E CRAIG RD.","NORTH LAS VEGAS","NV",89030
"PHOENIX (METRO SQUARE)","2770 W. PEORIA AVE.","PHOENIX","AZ",85029
"POWAY","12890 GREGG COURT","POWAY","CA",92064
"SANTA ROSA","2131 COUNTY CENTER DRIVE","SANTA ROSA","CA",95403
"COSTA MESA","3211 HARBOR BLVD","COSTA MESA","CA",92626
"MOUNTAIN VIEW (RENGSTORFF)","1159 N RENGSTORFF","MOUNTAIN VIEW","CA",94043
"NEWBURY PARK","1550 NEWBURY RD","NEWBURY PARK","CA",91320
"TUCSON","1978 E. AJO WAY","TUCSON","AZ",85713
"EL CENTRO","2390 S. 4TH STREET","EL CENTRO","CA",92243
"SCOTTSDALE","7467 FRANK L WRIGHT","SCOTTSDALE","AZ",85260
"NORTH LAS VEGAS","6880 N 5TH STREET","NORTH LAS VEGAS","NV",89084
"TUCSON","4620 N ORACLE RD","TUCSON","AZ",85705
"PHOENIX (CAMELBACK)","9585 W. CAMELBACK RD.","PHOENIX","AZ",85037
"WEST JORDAN","7785 JORDAN LANDING BLVD.","WEST JORDAN","UT",84084
"ORO VALLEY","11545 N ORACLE ROAD","ORO VALLEY","AZ",85755
"WEST VALLEY CITY","3715 S CONSTITUTION BLVD","WEST VALLEY CITY","UT",84119
"REDWOOD CITY","949 VETERANS BLVD","REDWOOD CITY","CA",94063
"ESCONDIDO","1260 W VALLEY PARKWAY","ESCONDIDO","CA",92029
"WOODLAND","2011 BRONZE STAR DRIVE","WOODLAND","CA",95776
"OREM","350 E. UNIVERSITY PKWY","OREM","UT",84058
"TORRANCE","20150 HAWTHORNE BLVD","TORRANCE","CA",90503
"SEAL BEACH","12365 SEAL BEACH BLVD.","SEAL BEACH","CA",90740
"PLEASANTON","6015 JOHNSON DR.","PLEASANTON","CA",94588
"TUCSON","7111 E. BROADWAY BLVD","TUCSON","AZ",85710
"LAUGHLIN","2085 CASINO DR.","LAUGHLIN","NV",89029
"MIRA MESA","9410 MIRA MESA BLVD","SAN DIEGO","CA",92126
"ROCKWALL","1106 E. I-30","ROCKWALL","TX",75087
"DALLAS","7940 N. CENTRAL EXWY.","DALLAS","TX",75206
"HURST","780 AIRPORT FWY.","HURST","TX",76054
"SIGNAL HILL","799 E. SPRING ST.","SIGNAL HILL","CA",90755
"HESPERIA (MAIN ST.)","13074 MAIN STREET","HESPERIA","CA",92345
"SAN RAMON","2270 SAN RAMON VALLEY","SAN RAMON","CA",94583
"SAN LEANDRO","15575 HESPERIAN BLVD.","SAN LEANDRO","CA",94579
"ROHNERT PARK","5145 REDWOOD DR.","ROHNERT PARK","CA",94928
"SAN BERNARDINO (5TH STREET)","795 W. 5TH ST.","SAN BERNARDINO","CA",92410
"HIGHLAND","28009 GREENSPOT RD.","HIGHLAND","CA",92346
"SACRAMENTO","2001 ALTA ARDEN EXWY.","SACRAMENTO","CA",95825
"ALHAMBRA","1210 N. ATLANTIC BLVD.","ALHAMBRA","CA",91801
"BALDWIN PARK","13850 FRANCISQUITO AVE.","BALDWIN PARK","CA",91706
"ROSEMEAD","4242 N. ROSEMEAD BL.","ROSEMEAD","CA",91770
"RENO","8215 S. VIRGINIA ST.","RENO","NV",89511
"ORANGE (CHAPMAN & PROSPECT)","3501 E CHAPMAN","ORANGE","CA",92869
"TORRANCE (CRENSHAW & LOMITA)","24445 CRENSHAW BLVD","TORRANCE","CA",90505
"LANCASTER","740 N. I-35 E.","LANCASTER","TX",75146
"CASA GRANDE","873 N. PROMENADE PKWY.","CASA GRANDE","AZ",85194
"ALLEN","190 E. STACY RD.","ALLEN","TX",75002
"IRVING","6501 N. MACARTHUR BLVD.","IRVING","TX",75039
"DALLAS (ADDISON)","15260 DALLAS PKWY.","DALLAS","TX",75248
"ARLINGTON","1075 W. I-20","ARLINGTON","TX",76017
"GARLAND","150 TOWN CENTER BLVD.","GARLAND","TX",75040
"DALLAS","7909 LYNDON B JOHNSON FWY.","DALLAS","TX",75251
"FORT WORTH (LAKE WORTH)","5916 QUEBEC ST.","FORT WORTH","TX",76135
"DALLAS (MIDWAY)","12909 MIDWAY RD.","DALLAS","TX",75244
"FRISCO","2800 PRESTON RD.","FRISCO","TX",75034
"PLANO","2740 N. CENTRAL EXWY.","PLANO","TX",75074
"CITY OF INDUSTRY (GRAND & VALLEY)","21620 E. VALLEY BLVD","CITY OF INDUSTRY","CA",91789
"DIAMOND BAR","21133 GOLDEN SPRINGS","DIAMOND BAR","CA",91765
"FORT WORTH","2900 W. 7TH ST.","FORT WORTH","TX",76107
"COSTA MESA","594 W. 19TH STREET","COSTA MESA","CA",92627
"RIVERTON","12569 S CROSSING DRIVE","RIVERTON","UT",84096
"ATASCADERO","6000 SAN ANSELMO RD","ATASCADERO","CA",93422
"MILL VALLEY","798 REDWOOD HWY","MILL VALLEY","CA",94941
